targeted_name,targeted_id,n_transitions,successes,player_rate_mean,player_rate_sd,player_rate_lower.2.5%,player_rate_upper.97.5%,markov_lift_mean,markov_lift_lower.2.5%,markov_lift_upper.97.5%
Tyreek Hill,43454,851,22,17.392515319110576,3.225882798432897,11.857311307141542,24.443155665575336,17.377675716715906,11.842471704746872,24.428316063180663
CeeDee Lamb,52425,1150,15,15.8818900777139,2.9075663990550322,10.782932372184499,21.964740366425513,15.867050475319232,10.76809276978983,21.949900764030847
Mike Evans,41233,1013,16,15.462386623858928,2.8093565022644333,10.673103840268,21.527932747953678,15.44754702146426,10.658264237873334,21.513093145559008
Chris Olave,54476,954,16,15.106318891099965,2.812556274565753,10.335581540777625,21.23368111521629,15.091479288705298,10.320741938382957,21.21884151282162
DeAndre Hopkins,39973,925,16,14.853632636356842,2.812332313584231,10.103838686612002,20.99406228116653,14.838793033962174,10.088999084217335,20.979222678771862
Amari Cooper,42347,911,16,14.682802247101101,2.738195756450476,9.877582036309953,20.5669132841062,14.667962644706433,9.862742433915287,20.552073681711533
Davante Adams,41282,983,14,14.258579350897286,2.7004390538490077,9.469128061752869,20.173617230044666,14.243739748502618,9.4542884593582,20.158777627649997
Keenan Allen,40024,637,20,14.183248959623715,2.8373760110380317,9.441306975984062,20.455963914875728,14.168409357229047,9.426467373589393,20.441124312481058
Adam Thielen,40488,675,17,13.174219204910994,2.6848620735330315,8.825483898815715,19.291629550172267,13.159379602516326,8.810644296421048,19.276789947777598
Garrett Wilson,54475,993,11,12.797964118779937,2.4905281763127625,8.31766861515411,18.039413505178103,12.78312451638527,8.302829012759442,18.024573902783438
A.J. Brown,47834,1130,9,12.707724696477014,2.486305632992179,8.1581106882996,17.881551243223385,12.692885094082346,8.143271085904932,17.866711640828715
Calvin Ridley,46095,1041,10,12.634821755290169,2.538538497602955,8.065489038120178,18.26211478686085,12.619982152895501,8.05064943572551,18.24727518446618
Michael Pittman,52442,630,16,12.217679323432142,2.4708526799990844,8.105751187214997,17.630407910817308,12.202839721037474,8.09091158482033,17.615568308422638
Stefon Diggs,42489,834,12,12.13103696521153,2.414275047468939,7.869398627966098,17.399591463627,12.116197362816862,7.8545590255714295,17.384751861232335
Ja'Marr Chase,53434,678,13,11.290628064699785,2.250828835187408,7.50524195877257,16.147608943433383,11.275788462305117,7.490402356377902,16.132769341038713
Amon-Ra St. Brown,53541,715,11,10.771127749545442,2.1753093375957997,6.9385347721187385,15.514873775577545,10.756288147150775,6.923695169724069,15.500034173182879
DJ Moore,46093,819,9,10.666539500432602,2.1453460989906263,6.8556124898384105,15.274955995094835,10.651699898037934,6.840772887443741,15.26011639270017
DK Metcalf,47847,738,10,10.474117558159168,2.123016814319505,6.756244018849716,15.083116182021538,10.4592779557645,6.7414044164550475,15.068276579626872
DeVonta Smith,53439,672,11,10.386604450147328,2.1514123730396757,6.733793026307615,15.087356029914613,10.37176484775266,6.7189534239129465,15.072516427519947
Terry McLaurin,47859,963,6,10.334897833035022,2.227923833634021,6.3016674191914825,15.064837061666115,10.320058230640354,6.286827816796814,15.049997459271449
Tee Higgins,52441,526,14,10.252998821679112,2.1906239512088734,6.704242863976759,15.096096714486988,10.238159219284444,6.689403261582091,15.081257112092322
Brandon Aiyuk,52433,609,12,10.224700716997159,2.154574666322332,6.641987084455748,15.001940675080723,10.209861114602491,6.62714748206108,14.987101072686057
Justin Jefferson,52430,613,11,9.81259700777275,2.006598536308813,6.467595157702941,14.306783028925937,9.797757405378082,6.452755555308272,14.291943426531269
Diontae Johnson,47849,631,10,9.575942441359548,2.0005405492632407,6.094525256791144,14.074280462734684,9.56110283896488,6.079685654396475,14.059440860340018
Chris Godwin Jr.,44896,653,9,9.383341303269532,1.969719321908303,5.972036242179826,13.639960627317052,9.368501700874864,5.957196639785158,13.625121024922386
Cooper Kupp,44881,515,12,9.293496804617195,1.9630070905947077,6.090797543524405,13.65570686463383,9.278657202222528,6.075957941129736,13.64086726223916
Jaylen Waddle,53435,457,13,9.070401551265158,1.9871566218136754,5.896746961861024,13.630137880155594,9.05556194887049,5.8819073594663545,13.615298277760928
Marquise Brown,47808,649,8,8.911130368808498,1.9211251835011163,5.588211249201179,13.093739755630034,8.89629076641383,5.57337164680651,13.078900153235365
Romeo Doubs,54597,678,7,8.77284054908447,1.9081623572549755,5.5441062031397355,12.888474231810303,8.758000946689803,5.529266600745067,12.873634629415635
Elijah Moore,53463,466,12,8.75257542213155,1.9335006653368572,5.64439125670531,13.227226742322614,8.737735819736882,5.629551654310641,13.212387139927946
Gabe Davis,52536,497,11,8.719210623337851,1.9277786474536658,5.489394486821195,13.12360931105391,8.704371020943183,5.474554884426526,13.108769708659244
Zay Flowers,55886,430,13,8.708418002860993,1.9403915663543185,5.590889703168676,13.030420848884944,8.693578400466325,5.576050100774007,13.015581246490274
Puka Nacua,56042,830,4,8.668805937464633,2.006176008954918,5.14691704384325,12.93452366316637,8.653966335069965,5.1320774414485815,12.919684060771704
Jayden Reed,55915,489,11,8.611165378089977,1.9127789244675235,5.448794410728394,12.92026497287762,8.596325775695309,5.433954808333725,12.905425370482952
Jordan Addison,55887,596,8,8.505437973764115,1.7932000173213942,5.351755162364561,12.263731457771236,8.490598371369448,5.336915559969891,12.24889185537657
Nico Collins,53518,636,7,8.46773133992865,1.8255015528918987,5.202115981300998,12.366209643382293,8.452891737533982,5.18727637890633,12.351370040987627
Jakobi Meyers,48097,637,7,8.438997794362265,1.863808027973829,5.205469170654674,12.590517728754206,8.424158191967598,5.190629568260005,12.575678126359538
Courtland Sutton,46109,587,8,8.40250255322777,1.7505270024647248,5.362574119920569,12.253406162920138,8.387662950833102,5.3477345175258995,12.238566560525472
Tyler Lockett,42412,623,6,7.958891239861766,1.703972128391107,5.015634187726295,11.637764693485385,7.944051637467098,5.000794585331628,11.622925091090718
Brandin Cooks,41246,530,8,7.9142502962983805,1.6841572577141202,4.966955497960037,11.628341102995972,7.899410693903712,4.9521158955653695,11.613501500601304
Drake London,54473,654,5,7.80836872934191,1.728043109599358,4.773352576552635,11.506074216871479,7.7935291269472415,4.7585129741579655,11.491234614476813
George Pickens,54517,693,4,7.718430144286976,1.7078498933178157,4.723542969159825,11.310803619001312,7.703590541892307,4.708703366765156,11.295964016606645
Alec Pierce,54518,591,5,7.365767709698194,1.698607375946968,4.445453769199011,11.172424780394344,7.350928107303526,4.430614166804342,11.157585177999675
Rashid Shaheed,55133,441,9,7.3565884317296275,1.6532728664251974,4.687572039238842,11.04946341665553,7.341748829334959,4.672732436844173,11.034623814260861
T.J. Hockenson,47791,504,7,7.279007137375624,1.6236236868674017,4.536755387131264,10.799781601590668,7.264167534980955,4.521915784736596,10.784941999195999
Jerry Jeudy,52423,461,8,7.212494390670066,1.5874057318309038,4.582829944025951,10.843005767487396,7.197654788275397,4.567990341631282,10.828166165092728
Tank Dell,55934,494,7,7.202486656388454,1.610232172546944,4.464159137925862,10.768496778856226,7.187647053993786,4.449319535531193,10.75365717646156
Kyle Pitts,53433,473,7,7.002679093666262,1.5739070416974372,4.392210037894069,10.49017679306829,6.987839491271593,4.3773704354994,10.475337190673624
Travis Kelce,40011,369,10,6.90408880720559,1.5981680617382747,4.326524110842201,10.626073646834273,6.8892492048109215,4.3116845084475335,10.611234044439607
Josh Reynolds,44930,448,7,6.76520437902266,1.4694822550349877,4.1960970214067945,10.006981449575186,6.7503647766279915,4.181257419012125,9.992141847180516
K.J. Osborn,52584,388,9,6.748835482111433,1.5462822689617324,4.275630188416199,10.218468877730167,6.7339958797167645,4.26079058602153,10.2036292753355
Christian Watson,54499,405,8,6.653035755076647,1.5204640149556894,4.100901026931636,10.10345550450793,6.638196152681978,4.086061424536967,10.088615902113265
Jake Ferguson,54594,345,10,6.583262608115073,1.5673082580029112,4.075287300209751,10.136215162372238,6.568423005720405,4.060447697815082,10.121375559977572
Sam LaPorta,55899,492,5,6.504629884311876,1.4645154870629622,4.024027520781444,9.6994024859838,6.489790281917207,4.009187918386775,9.68456288358913
Christian Kirk,46116,416,7,6.424212228921209,1.4591307560350268,4.010115427908257,9.632789136384613,6.40937262652654,3.995275825513588,9.617949533989947
Jonathan Mingo,55904,517,4,6.42247231625689,1.457254942796028,3.908976782419053,9.477116685395881,6.407632713862221,3.8941371800243845,9.462277083001215
Rashod Bateman,53456,479,5,6.389266303665366,1.472751848985705,3.8063548558038764,9.588510924989787,6.374426701270697,3.7915152534092074,9.57367132259512
Tyler Boyd,43344,383,8,6.379523278796676,1.425577312051212,4.002244856727708,9.592814441018499,6.364683676402008,3.987405254333039,9.577974838623831
Robert Woods,39989,346,9,6.281940667181643,1.516202547025316,3.8582885721767,9.659427579739233,6.267101064786974,3.8434489697820315,9.644587977344568
DeVante Parker,42357,498,4,6.229631144287079,1.413111963577431,3.7647206119944863,9.203401803774122,6.21479154189241,3.7498810095998176,9.188562201379455
Odell Beckham,41238,458,5,6.180194702119527,1.3978499737611338,3.7494599214662396,9.16672336619085,6.1653550997248585,3.7346203190715714,9.15188376379618
Evan Engram,44835,455,5,6.159575719503471,1.3759678118609595,3.827808137928636,9.228182880402757,6.144736117108803,3.812968535533968,9.213343278008088
Darius Slayton,47954,475,4,6.036247109924759,1.3773175529737378,3.6657103244165588,9.05343982356085,6.021407507530091,3.6508707220218906,9.038600221166183
Jahan Dotson,54481,428,5,5.934951485972519,1.3302243353852257,3.6712513937125433,8.987883198013012,5.92011188357785,3.656411791317874,8.973043595618343
Trey Palmer,56056,428,5,5.925186789872334,1.3557155816202635,3.6288398686394476,8.917601153114285,5.910347187477665,3.614000266244779,8.902761550719616
Jalin Hyatt,55938,396,6,5.888669941756679,1.3474517936792518,3.6950590627232844,9.026659800620806,5.87383033936201,3.6802194603286162,9.011820198226138
Tutu Atwell,53486,444,4,5.77672635713087,1.35700580735943,3.450287088775039,8.742574919209092,5.761886754736201,3.4354474863803706,8.727735316814423
Michael Gallup,46150,414,5,5.760592558889337,1.307721090041957,3.5293571036071887,8.62417136172883,5.745752956494669,3.5145175012125196,8.609331759334163
Michael Wilson,55959,351,7,5.7161313886586615,1.3098607005987062,3.547606403393313,8.653555334195792,5.701291786263993,3.5327668009986444,8.638715731801124
Kendrick Bourne,45185,319,8,5.624220774602992,1.330664065826975,3.495455033914422,8.637821366449378,5.609381172208323,3.480615431519753,8.62298176405471
Trey McBride,54520,368,6,5.597200899588616,1.3013588469117654,3.3364214113283777,8.408067059488351,5.582361297193947,3.321581808933709,8.393227457093683
Tyler Conklin,46226,338,7,5.5785639118107415,1.3091375625132118,3.411815180892757,8.470133849410377,5.563724309416073,3.396975578498089,8.45529424701571
Quentin Johnston,55885,517,1,5.5340387855528865,1.346263485848872,3.1801657735847506,8.487654980066797,5.519199183158218,3.165326171190082,8.47281537767213
Dalton Schultz,46206,309,8,5.489674748087763,1.2724586783908223,3.3992500708333693,8.388549203425946,5.474835145693095,3.3844104684387006,8.373709601031276
Michael Thomas,43336,374,5,5.389701047474061,1.2544460155511066,3.224584641342961,8.259971258238696,5.374861445079392,3.209745038948292,8.245131655844029
Josh Downs,55944,399,4,5.35798343282032,1.2575419320163614,3.1767896420348434,8.006660125269802,5.343143830425651,3.1619500396401747,7.991820522875133
Josh Palmer,53506,427,3,5.334006275125209,1.2755424144302603,3.104896689278137,8.004281573103528,5.319166672730541,3.090057086883468,7.989441970708859
Hunter Henry,43324,338,6,5.287039309759861,1.2261492770286528,3.2297970123071877,8.015899266236397,5.272199707365193,3.214957409912519,8.00105966384173
D.J. Chark,46130,453,2,5.247862641593549,1.2736044948524616,2.943683835625913,7.964689111357646,5.233023039198881,2.9288442332312443,7.949849508962977
DeMario Douglas,56075,386,4,5.22485725122991,1.2464717157027354,3.1426560021012717,8.016230193711849,5.210017648835241,3.127816399706603,8.00139059131718
Justin Watson,46213,449,2,5.204999875192514,1.2359829204568165,3.020886827798704,7.873725149374627,5.190160272797845,3.0060472254040356,7.858885546979958
George Kittle,44959,372,4,5.084364359866312,1.2150409636027286,3.023661873803045,7.709244453125399,5.069524757471643,3.008822271408377,7.694404850730731
Marquez Valdes-Scantling,46243,290,7,5.023070005129845,1.2468685804246504,3.035528550332394,7.936533786218254,5.008230402735176,3.020688947937726,7.921694183823586
Zay Jones,44849,394,3,5.015559570287042,1.1971027411991626,2.946626804543775,7.682892739450188,5.0007199678923735,2.9317872021491063,7.668053137055519
Curtis Samuel,44852,330,5,4.951716439113042,1.1670366193233173,3.029126571641193,7.57226256301441,4.9368768367183735,3.0142869692465246,7.557422960619741
Deebo Samuel Sr.,47819,356,4,4.947869396650761,1.207163464252088,2.959930961734538,7.672835980522918,4.933029794256092,2.94509135933987,7.657996378128249
Van Jefferson,52465,355,4,4.925654359649229,1.1673079111893767,2.978515572848979,7.4717824990010895,4.910814757254561,2.9636759704543105,7.456942896606421
Cedric Tillman,55939,331,5,4.922459635450374,1.1528479277787667,2.935938532332785,7.445052724857144,4.907620033055705,2.921098929938116,7.430213122462475
Jaxon Smith-Njigba,55884,354,4,4.8976131065838855,1.1580546819568471,2.8918776686762016,7.4536270810904695,4.882773504189217,2.877038066281533,7.438787478695801
Darren Waller,42547,308,5,4.670776518618402,1.098804474099907,2.853166180960043,7.142906855699518,4.655936916223733,2.838326578565374,7.12806725330485
David Njoku,44841,367,2,4.498392157015371,1.064399070121053,2.6550463863152993,6.85198234283778,4.483552554620703,2.640206783920631,6.837142740443111
Dallas Goedert,46118,287,5,4.41205456432174,1.0305459340663554,2.6299098670623935,6.652219921067517,4.397214961927071,2.615070264667725,6.637380318672848
Tre Tucker,55965,300,4,4.323590876461706,1.0374559194385309,2.556614676700464,6.704465969433069,4.3087512740670375,2.541775074305795,6.6896263670384
Rashee Rice,55920,296,4,4.29441317143942,1.0011790541393764,2.5918487963896246,6.526589516923384,4.279573569044751,2.5770091939949555,6.511749914528715
Darnell Mooney,52581,273,5,4.280831330273899,1.0182307565372875,2.6268316059943455,6.596081860415386,4.26599172787923,2.611992003599677,6.581242258020717
Noah Brown,45052,295,4,4.2753597877145735,1.044602101442467,2.506058781853112,6.654739862026197,4.260520185319905,2.491219179458443,6.639900259631529
Jameson Williams,54477,308,3,4.207571150829815,1.002130100132405,2.5144473661922913,6.44433034154283,4.192731548435146,2.499607763797622,6.429490739148162
Allen Lazard,46705,327,2,4.14463474085349,1.0245574485288358,2.3997462441389765,6.371257677238166,4.129795138458821,2.384906641744308,6.356418074843496
Juwan Johnson,52942,277,4,4.079186462812633,0.9799378509711032,2.428181974794488,6.292861105712406,4.064346860417964,2.41334237239982,6.278021503317738
Dalton Kincaid,55889,267,4,3.9788456369945693,0.9794810651147434,2.3559186802223326,6.275376503151092,3.9640060345999006,2.3410790778276644,6.260536900756423
Logan Thomas,41349,286,3,3.9397944353095027,0.9469773517887458,2.3293758225514187,6.0113451576185355,3.924954832914834,2.31453622015675,5.996505555223867
Jalen Tolbert,54553,302,2,3.8907370898528897,0.94933440012104,2.225809928143271,5.961970134169096,3.875897487458221,2.210970325748602,5.947130531774428
Demarcus Robinson,43415,234,5,3.8184754627572857,0.9222938417562763,2.3398179124865592,5.893685034732174,3.803635860362617,2.32497831009189,5.8788454323375054
Jalen Reagor,52429,233,5,3.794946276223875,0.9341400261379905,2.2772623063777027,5.8707557989130805,3.780106673829206,2.262422703983034,5.855916196518412
Mike Gesicki,46111,253,4,3.792583525663061,0.9122550801948736,2.2720862631131493,5.855013620940236,3.7777439232683925,2.257246660718481,5.840174018545568
Cole Kmet,52451,262,3,3.7127869224363583,0.9044317171498947,2.1830507944961948,5.836029103915103,3.6979473200416897,2.168211192101526,5.8211895015204345
Nick Westbrook-Ikhine,53074,241,4,3.669297944287561,0.9081569864379998,2.180149265666564,5.777596968040397,3.654458341892892,2.165309663271896,5.7627573656457285
Tyler Higbee,43399,242,4,3.6624168561443335,0.8797072797201527,2.223066697762011,5.660971405711969,3.647577253749665,2.2082270953673424,5.6461318033173
Chig Okonkwo,54608,201,6,3.6169295076327783,0.9320077761818899,2.157757631403173,5.828223319626909,3.6020899052381097,2.142918029008504,5.813383717232241
Brandon Powell,46830,201,6,3.596720233653429,0.9121336759910565,2.2005463888446206,5.736720410644898,3.5818806312587603,2.185706786449952,5.721880808250229
Cedrick Wilson Jr.,46277,291,1,3.5644383275357887,0.8790896949058338,2.0197188245111586,5.453528649463154,3.54959872514112,2.0048792221164895,5.438689047068485
Kylen Granson,53556,230,4,3.5575418561143732,0.9082773061510043,2.0674154791816766,5.602039609130528,3.5427022537197046,2.0525758767870084,5.587200006735859
JuJu Smith-Schuster,44874,282,1,3.507676240587415,0.8732888248679003,1.9959450709512374,5.341512594818934,3.4928366381927463,1.9811054685565688,5.326672992424266
Dontayvion Wicks,56024,233,3,3.368362074619185,0.8163887214131469,1.9922426864188787,5.191158146689105,3.3535224722245163,1.9774030840242103,5.176318544294436
Mark Andrews,46155,233,3,3.3661099910856787,0.8211023862581784,2.0184105199339615,5.258553013819078,3.35127038869101,2.003570917539293,5.24371341142441
Chris Moore,43396,219,3,3.197649650144341,0.7919766445582959,1.8745794862497194,4.998156810597997,3.1828100477496726,1.859739883855051,4.983317208203329
Cade Otton,54571,234,2,3.1749593695185223,0.801188845477967,1.7946465192549108,4.941889652357689,3.1601197671238537,1.7798069168602424,4.927050049963021
Marvin Mims Jr.,55928,214,3,3.1608674901469143,0.8305370519238731,1.835538624362643,5.013492908634595,3.1460278877522456,1.8206990219679744,4.998653306239927
Rondale Moore,53478,213,3,3.148779449789285,0.7972778307444395,1.8522343051134258,4.963597428017861,3.1339398473946165,1.8373947027187574,4.9487578256231926
Nelson Agholor,42363,213,3,3.1399424356506525,0.795466711706681,1.8018664284327226,4.965429827687678,3.125102833255984,1.7870268260380542,4.950590225293009
Greg Dortch,48646,186,4,3.0070166045650883,0.7710781108527962,1.739938353387313,4.843281449378647,2.9921770021704197,1.7250987509926445,4.828441846983979
Treylon Burks,54483,233,1,2.990640519009004,0.781065763139623,1.6644971551180325,4.785535716734866,2.9758009166143355,1.6496575527233641,4.770696114340198
Jauan Jennings,52625,192,3,2.875847299741592,0.7270146239937466,1.660666414194893,4.587917505344995,2.861007697346923,1.6458268118002244,4.573077902950327
Wan'Dale Robinson,54508,151,6,2.8583534829879125,0.7708445420883087,1.701389013872661,4.772175540159093,2.843513880593244,1.6865494114779926,4.757335937764425
Tanner Hudson,46797,197,2,2.7614463078319287,0.7062092861013002,1.6095654438670923,4.334142583140133,2.74660670543726,1.594725841472424,4.319302980745464
Calvin Austin III,54603,207,1,2.699058487087687,0.6876289830586592,1.5229033550526767,4.170960321574114,2.6842188846930184,1.5080637526580083,4.156120719179445
Stephen Sullivan,52659,201,1,2.6392517444624346,0.6760164198425134,1.5128940863504108,4.152740882763828,2.624412142067766,1.4980544839557426,4.137901280369159
Noah Gray,53591,128,6,2.504315568636969,0.6856817533965203,1.500790481534425,4.222177655763741,2.4894759662423005,1.4859508791397564,4.207338053369073
Isaiah Hodgins,52615,201,0,2.498012333894794,0.6478497801382289,1.3974036267371415,3.9084891986769343,2.4831727315001255,1.382564024342473,3.8936495962822657
Tommy Tremble,53512,147,4,2.4759457015854034,0.6552463949488136,1.4199702336764495,4.0187255007845435,2.4611060991907348,1.4051306312817808,4.003885898389875
Tyler Scott,55998,185,1,2.465590306933249,0.6328738944685895,1.4200987043727304,3.9047423692912075,2.4507507045385806,1.405259101978062,3.889902766896539
Xavier Gipson,56252,185,1,2.452811450803706,0.6311446344357597,1.3933958150394252,3.811677702370715,2.4379718484090374,1.3785562126447568,3.7968380999760463
Jonnu Smith,44912,129,5,2.355255727298146,0.6279886991606678,1.3995254029411106,3.8538589008747004,2.340416124903477,1.3846858005464422,3.8390192984800318
Pat Freiermuth,53484,150,3,2.3470251880927444,0.6117985753447862,1.3796698957242617,3.7179951460451868,2.3321855856980758,1.364830293329593,3.703155543650518
Trenton Irwin,48471,118,6,2.3324985987263767,0.6233041695859625,1.3980146610438975,3.84965074352895,2.317658996331708,1.3831750586492289,3.8348111411342813
KhaDarel Hodge,46992,125,5,2.2976238730348557,0.6129215762359206,1.35743285151985,3.725250441071645,2.282784270640187,1.3425932491251813,3.7104108386769763
Braxton Berrios,46279,157,2,2.290560801602331,0.5860668149898773,1.301379327162915,3.6494989226603787,2.2757211992076622,1.2865397247682466,3.6346593202657096
A.T. Perry,56060,157,2,2.2880250258857644,0.5794596491997156,1.3096679691091204,3.610515993982745,2.2731854234910958,1.2948283667144518,3.5956763915880763
Luke Musgrave,55907,115,6,2.287710340947254,0.6350487417619746,1.334785596930116,3.826062553043736,2.2728707385525855,1.3199459945354477,3.8112229506490674
Khalil Shakir,54613,151,2,2.2139233834250973,0.5627358411516851,1.3087191915422431,3.5274140122028603,2.1990837810304287,1.2938795891475745,3.5125744098081917
Zach Ertz,39983,150,2,2.2101635042608767,0.5666921985659735,1.2689579490499383,3.5080524315288666,2.195323901866208,1.2541183466552697,3.493212829134198
Donald Parham,48456,176,0,2.2097264605572478,0.5968915655278023,1.1978706028159782,3.5432344013665467,2.194886858162579,1.18303100042131,3.528394798971878
Skyy Moore,54519,129,4,2.209529429084662,0.5889860182340345,1.2805992401145583,3.6004326639563975,2.1946898266899932,1.26575963771989,3.585593061561729
Alex Erickson,43663,126,4,2.149879397192463,0.555620544814466,1.264420080384213,3.447335610183728,2.135039794797794,1.2495804779895445,3.432496007789059
Michael Mayer,55900,158,1,2.1466554541843736,0.5576540891710675,1.2278169509557195,3.369518038654234,2.131815851789705,1.212977348561051,3.354678436259565
Jalen Guyton,48556,162,0,2.0660071908254536,0.5480084865257955,1.1411097500302758,3.297003348608559,2.051167588430785,1.1262701476356076,3.2821637462138904
Dyami Brown,53511,150,1,2.055597133549837,0.5044337242178134,1.194548405104978,3.24565584424292,2.0407575311551684,1.1797088027103095,3.2308162418482516
John Metchie III,54509,138,2,2.0417327928031592,0.5363855241058126,1.15550600235625,3.3207183068781942,2.0268931904084906,1.1406663999615818,3.3058787044835256
Donovan Peoples-Jones,52595,137,2,2.0322520605138052,0.5315185572439894,1.1696699524954728,3.2297220372553515,2.0174124581191366,1.1548303501008041,3.214882434860683
Allen Robinson,41290,126,3,2.0230352460494845,0.538410295225698,1.1819672174252187,3.282482852753886,2.008195643654816,1.1671276150305503,3.2676432503592174
Kalif Raymond,43584,115,4,2.0014982754262696,0.5240235674753526,1.1794808989848982,3.21515858547927,1.9866586730316012,1.1646412965902295,3.2003189830846015
Deven Thompkins,55075,133,2,1.9875832584061566,0.5145614913329085,1.1590040240860813,3.159033990501955,1.9727436560114882,1.1441644216914129,3.1441943881072865
Byron Pringle,46522,123,3,1.987544122718535,0.5260935887266147,1.1487993231295386,3.2366669644785673,1.9727045203238667,1.1339597207348702,3.2218273620838986
Malik Heath,56220,132,2,1.9822739713158022,0.5121507946614094,1.1417813250248257,3.190614104944654,1.9674343689211338,1.1269417226301572,3.1757745025499853
Brandon Johnson,54967,151,0,1.9505457763992553,0.5308699190991121,1.0690215726192924,3.1644291767219994,1.9357061740045869,1.0541819702246238,3.1495895743273308
Mack Hollins,44931,119,3,1.926597714506133,0.5063743903730834,1.0992698506181469,3.133323258909256,1.9117581121114646,1.0844302482234782,3.1184836565145875
Terrace Marshall Jr.,53488,139,1,1.917713528052625,0.4930460657823524,1.10035142080121,3.0617030937234837,1.9028739256579565,1.0855118184065415,3.046863491328815
Jamal Agnew,44978,127,2,1.9109707613798723,0.5000107806582716,1.0805887214700565,3.061301244908631,1.896131158985204,1.0657491190753883,3.0464616425139623
Tyquan Thornton,54515,124,2,1.8598168825626955,0.49194121337518343,1.0844485895415517,2.998209653464268,1.844977280168027,1.0696089871468832,2.9833700510695995
Hayden Hurst,46094,129,1,1.8037197863228427,0.4816552208161063,1.019438903285474,2.8688076067232857,1.7888801839281743,1.0045993008908056,2.853968004328617
Samori Toure,54723,127,1,1.782753477951019,0.47149579950636644,1.0085541609114965,2.887900263151844,1.7679138755563506,0.993714558516828,2.8730606607571754
Randall Cobb,37139,136,0,1.7791833814004592,0.46423069446221954,1.0042765540318077,2.8287960055230963,1.7643437790057908,0.9894369516371392,2.8139564031284277
Hunter Renfrow,47932,127,1,1.7702190950088499,0.4553636756492648,1.011344502189151,2.816736415609632,1.7553794926141815,0.9965048997944823,2.8018968132149635
Andrei Iosivas,56071,117,2,1.767250572518158,0.4734542845563406,0.9781926481044794,2.840304307941277,1.7524109701234896,0.9633530457098108,2.8254647055466084
Chase Claypool,52457,125,1,1.7661716921806132,0.45710534830849925,0.9943207704313983,2.7968192010759765,1.7513320897859448,0.9794811680367298,2.781979598681308
Gerald Everett,44856,116,2,1.762645465696549,0.48150390731229226,0.99433595596971,2.9061216804009944,1.7478058633018805,0.9794963535750415,2.8912820780063258
Mike Williams,44819,136,0,1.7608481187722171,0.44964448284549285,0.9947717358237292,2.7566677841596037,1.7460085163775487,0.9799321334290607,2.741828181764935
Olamide Zaccheaus,48374,124,1,1.7525038692125534,0.45606079490787793,0.9789191342846767,2.7739308981073965,1.737664266817885,0.9640795318900082,2.759091295712728
Deonte Harty,48415,123,1,1.7473955382020288,0.4571579477221194,0.9900882497859493,2.7755512685590076,1.7325559358073603,0.9752486473912808,2.760711666164339
Mo Alie-Cox,44792,123,1,1.727265025477452,0.4486478719132821,0.9676521736133917,2.755934733924583,1.7124254230827836,0.9528125712187232,2.7410951315299146
Jake Bobo,56471,88,5,1.6987768752198644,0.48769712837766793,0.9872639572387296,2.868385544878046,1.683937272825196,0.9724243548440611,2.8535459424833776
Parker Washington,56050,119,1,1.6764234148702395,0.4355963967259272,0.9464881074996243,2.690181537579455,1.661583812475571,0.9316485051049557,2.6753419351847865
Marquise Goodwin,40026,118,1,1.6698583953846247,0.4199525329975395,0.9455529659149458,2.620403804173966,1.6550187929899562,0.9307133635202772,2.6055642017792975
Xavier Hutchinson,56070,93,4,1.6642808473828437,0.45385252627567924,0.9621947119671593,2.7121897332371563,1.6494412449881752,0.9473551095724908,2.6973501308424876
Durham Smythe,46192,99,3,1.645642896599081,0.4623214964460537,0.9226492003354683,2.7402860565577094,1.6308032942044126,0.9078095979407996,2.725446454163041
Noah Fant,47803,113,1,1.6136369536315258,0.42760261505194086,0.9050907072629449,2.579382787043055,1.5987973512368574,0.8902511048682764,2.5645431846483864
Tim Jones,53707,112,1,1.5995774553110418,0.42072958892149803,0.8908598228790233,2.5613145042698147,1.5847378529163734,0.8760202204843548,2.546474901875146
Quez Watkins,52608,107,0,1.4292473163977455,0.3716140642645529,0.7829159839418284,2.248544241965094,1.414407714003077,0.76807638154716,2.2337046395704254
Andrew Ogletree,54657,92,2,1.428769819674953,0.38325268778807536,0.8236637938667808,2.333595918369976,1.4139302172802846,0.8088241914721123,2.3187563159753073
Scott Miller,47991,105,0,1.3971284969137205,0.38235749653122014,0.7863456584905666,2.268038836189376,1.3822888945190521,0.7715060560958981,2.2531992337947075
Colby Parkinson,52541,87,2,1.3623472723930776,0.37212343577776186,0.7700824934939724,2.1891764862745395,1.3475076699984092,0.7552428910993039,2.174336883879871
Kyle Philips,54628,87,2,1.3562522249395534,0.35950398906818015,0.7955879745491679,2.200521327813593,1.341412622544885,0.7807483721544994,2.1856817254189242
Isaiah Likely,54604,93,1,1.3525954282043882,0.3654668421805859,0.7613287302002458,2.225838511820187,1.3377558258097197,0.7464891278055773,2.2109989094255185
Lil'Jordan Humphrey,48541,86,2,1.3413712150403005,0.37749950113666186,0.7684526537616609,2.2091230108611155,1.3265316126456321,0.7536130513669924,2.194283408466447
Connor Heyward,54673,78,3,1.3196312903715375,0.35363754596639896,0.7604554750780214,2.149937215885164,1.304791687976869,0.7456158726833528,2.1350976134904953
Zach Pascal,45102,95,0,1.2859763377067381,0.3508724146142644,0.706166208990746,2.125157553424633,1.2711367353120697,0.6913266065960776,2.1103179510299643
John Bates,53553,75,3,1.2841365899206867,0.364438050264744,0.73242579958112,2.11662758995123,1.2692969875260183,0.7175861971864514,2.1017879875565613
Julio Jones,37079,93,0,1.2543584651687818,0.3391870980446367,0.7055745093319483,2.006551569391018,1.2395188627741134,0.6907349069372799,1.9917119669963494
Trent Sherfield,46671,84,1,1.234983116792537,0.3230559581228378,0.7140742476732095,1.983367907857068,1.2201435143978685,0.6992346452785411,1.9685283054623997
Ronnie Bell,56118,91,0,1.2345346623199538,0.33552274489398715,0.6704917621372649,1.999524934316051,1.2196950599252854,0.6556521597425964,1.9846853319213826
Adam Trautman,52513,83,1,1.2240542428029448,0.33584106207284664,0.6803034639757913,1.9951082776102664,1.2092146404082764,0.6654638615811227,1.980268675215598
David Bell,54564,90,0,1.2211191325407056,0.32238763395665976,0.6877097552472249,1.9286374848551329,1.2062795301460372,0.6728701528525564,1.9137978824604645
Austin Hooper,43370,77,2,1.220143391325836,0.33250097338101914,0.6976241772452696,2.0038999695091406,1.2053037889311675,0.6827845748506011,1.9890603671144724
Sterling Shepard,43329,76,2,1.2013102742720725,0.3182778251684926,0.6723227001074135,1.920719744582096,1.186470671877404,0.6574830977127449,1.9058801421874279
Rakim Jarrett,56541,81,1,1.191738698686341,0.31309337574463086,0.6803114229873763,1.914028375756793,1.1768990962916726,0.6654718205927078,1.8991887733621244
Tucker Kraft,55943,67,3,1.157502016760619,0.32471698509880204,0.6814659924051076,1.9522243166165991,1.1426624143659505,0.6666263900104391,1.9373847142219307
Kayshon Boutte,56052,80,0,1.1011831072693994,0.29486948110913697,0.611966537991234,1.7918113779717777,1.086343504874731,0.5971269355965656,1.7769717755771093
Harrison Bryant,52523,69,2,1.0959008513706674,0.29744153480918084,0.6336516259017596,1.7882995701174949,1.081061248975999,0.6188120235070911,1.7734599677228264
Kadarius Toney,53449,63,3,1.0907202462722274,0.3004253861679359,0.6192267199053698,1.8282705060888247,1.075880643877559,0.6043871175107013,1.8134309036941563
Stone Smartt,55061,73,1,1.0822036622676734,0.28437401158017517,0.6135485248212869,1.7316635510020253,1.067364059873005,0.5987089224266183,1.7168239486073567
Will Mallory,56027,67,2,1.0782581700464313,0.29930094797300066,0.5982250797549846,1.7894619231585676,1.063418567651763,0.5833854773603161,1.7746223207638994
Dawson Knox,47879,72,1,1.0741076504573919,0.2903020617255868,0.6073567910499703,1.7547431943684366,1.0592680480627235,0.5925171886553018,1.7399035919737682
KaVontae Turpin,53117,76,0,1.047776830233456,0.2870265467796361,0.5700182527984431,1.7131681147978974,1.0329372278387876,0.5551786504037746,1.698328512403229
Pharaoh Brown,45339,66,1,0.9933158208986581,0.2737837425679576,0.5562593798233508,1.6558478979307645,0.9784762185039896,0.5414197774286824,1.641008295536096
Johnny Mundt,45094,66,1,0.9921113404576591,0.26988459276526533,0.5739533623381392,1.6291061889569132,0.9772717380629906,0.5591137599434708,1.6142665865622448
D.J. Montgomery,48142,66,1,0.9831773014075877,0.2607902109799347,0.55634410160565,1.5691404747510294,0.9683376990129192,0.5415044992109813,1.554300872356361
Josh Whyle,56012,52,4,0.983078336592998,0.2838214066566628,0.5664203176554964,1.6693497320986534,0.9682387341983295,0.5515807152608277,1.654510129703985
Robbie Chosen,43808,64,1,0.9620546567692749,0.2604264688230515,0.544422024645986,1.5619514287577247,0.9472150543746064,0.5295824222513175,1.5471118263630563
Jeremy Ruckert,54566,62,1,0.9299360616198044,0.25044242580897297,0.5368415465846905,1.4987424414118387,0.9150964592251358,0.5220019441900219,1.4839028390171702
Jamison Crowder,42448,66,0,0.920752182664933,0.24850773904407183,0.502449795596239,1.496687571081463,0.9059125802702644,0.4876101932015705,1.4818479686867947
Irv Smith,47833,61,1,0.9180738889341022,0.24379745953800236,0.5286283203938739,1.4838013084757464,0.9032342865394337,0.5137887179992053,1.468961706081078
Malik Taylor,48624,61,1,0.9167730051675327,0.2504032251163856,0.5165093341013629,1.50662299157076,0.9019334027728642,0.5016697317066944,1.4917833891760917
Cole Turner,54614,64,0,0.891392926411518,0.24434227264772546,0.4911622113224139,1.4708208071394764,0.8765533240168495,0.4763226089277454,1.455981204744808
Keelan Doss,48228,62,0,0.8697822478101119,0.23313755281466253,0.49522613272985566,1.3912714721184412,0.8549426454154434,0.4803865303351872,1.3764318697237727
Mecole Hardman,47839,62,0,0.8670822558955515,0.23766459730972792,0.4770952028062992,1.4020269149509383,0.852242653500883,0.46225560041163066,1.38718731255627
Devin Duvernay,52500,56,1,0.8472194176129493,0.2340669417494323,0.47814684233450205,1.3831664394967536,0.8323798152182807,0.46330723993983364,1.3683268371020851
Richie James,46309,60,0,0.8416612367006303,0.23652910093866994,0.4580025140788591,1.383461228872358,0.8268216343059618,0.44316291168419064,1.3686216264776896
Keith Kirkwood,46542,60,0,0.8389595057894332,0.2270179452196679,0.4658303328507035,1.35703139421513,0.8241199033947647,0.45099073045603505,1.3421917918204616
Mike Strachan,53658,57,0,0.8028240605350926,0.22427797580696807,0.4377299977938813,1.3164495327984462,0.7879844581404241,0.4228903953992128,1.3016099304037778
Ray-Ray McCloud,46256,52,1,0.7893332737008563,0.21945783100337662,0.4406077530741125,1.2933488782153093,0.7744936713061877,0.42576815067944396,1.2785092758206407
Ty Montgomery,42437,51,1,0.7773093473552434,0.21947684885492555,0.4214871931122545,1.3015976436621655,0.7624697449605748,0.40664759071758605,1.286758041267497
Jordan Akins,46167,50,0,0.7063423621309896,0.18908155360377768,0.38729247520878385,1.138699961351199,0.691502759736321,0.3724528728141154,1.1238603589565306
